,Electronic Arts,Various,Present,,
0,Blend,"San Francisco, CA",Present,,
1,IMC Trading,Chicago,Present,"Min. GPA 3.5, prefers Python programming skills",
2,Ebay,"San Jose, California",Present,"Java, Python programming skills",
3,T-Mobile,"Bellevue, Washington",Present,,
4,MathWorks,US-MA-Natick,Present,,
5,Red hat,New York,Present,"Golang, Python programming skills",
6,Esri,Multiple Locations,Present,"C++, C#, Python, Java, JavaScript, TypeScript, HTML5, iOS, Android or Windows mobile technology skills",
7,Visa,Multiple locations,Present,Min. GPA 3.0,
8,Akuna,Chicago,Present,"Juniors+, several different roles",
9,Fidelity Investments,"US-NC-Durham, US-NH-Merrimack, US-MA-Boston, US-RI-Smithfield",Present,,
10,JP Morgan Chase,"Asia: Singapore, Europe, Middle East, US: IL, OH, TX, NY, DE, TX, CA, WA, FL",Present,"Juniors+, All JP Morgan Chase positions open including IB/Quant/Data Analytics",
11,American Express,Multiple Cities,Present,Sophomores+,
12,Groceristar,Remote/Work From Home,Present,"UNPAID: Many positions available: Engineers, Q&A, Project manager, Personal Assistant, Growth Hacker. Seems to have strong mentorship and learning experience",
13,Goldman Sachs,Several: Americas,Present,For technology roles: Select Engineering->General,
14,Microsoft,Global,Present,,
15,Apple,"Santa Clara Valley (Cupertino), California (Mainly)",Present,"SWE, Hardware, UI/UX, Sales, ML",
16,SAS,"Santa Clara Valley (Cupertino), California (Mainly)",Present,Pipeline for students with Autism,
17,Belvedere Trading,Chicago,Present,Juniors+; No sponsorship,
18,Collins Aerospace,"Cedar Rapids, IA",Present,"Must be capable of obtaining a U.S. Department of Defense (DoD) Security Clearance, US Citizenship is required",
19,Matco Tools,"Stow, OH",Present,"Juniors+, prefers Java programming skills",
20,Breakthrough,"Green Bay, WI",Present,"Min. GPA 3.0, Cover letter required",
21,Rimeto,"San Francisco, CA",Present,,
22,Facebook,"Several: Menlo Park, New York, Boston, Seattle, etc.",Present,"FrontEnd, SWE, AI, etc.",
23,The Vanguard Group,"Malvern, PA and Charlotte, NC",Present,"3.0 GPA Preferred, Software Development, Technology Operations",
24,Leidos,"McLean, VA and Morgantown, WV",Present,,
25,Los Alamos National Lab,"Los Alamos, NM",due September 30,Min. GPA 3.0 Coverletter Required,
26,Duolingo,"Pittsburgh, PA",Present,Juniors+,
27,Robinhood,"Menlo Park, CA",Present,,
28,Houston Mechatronics,"Webster, TX",Present,"US Citizenship is required; Prefers robotics experience, Linux command line, and Python programming language",
29,Virtu Financial,"New York, NY",Present,Prefers C++ or Java programming skills,
30,Citadel,"Several:  Dublin, London, Chicago, Hong Kong, London, New York, Austin",Present,"SWE, Quant, IT, DevOps",
31,Red Ventures,"Austin, TX",Present,"Juniors, Prefers experience with top web languages",
32,Front,"San Francisco, Paris",Present,Juniors+,
33,Vail,Chicago,Present,"SWE, DevOps",
34,Fast Enterprises,USA,Present,Must be pursuing degree,
35,Phone2Action,"Arlington, VA",Present,"All levels accepted - including high school. Well paid fellowships available in Product, Engineering, Sales, Marketing, Customer Success, and Operations. Interested in applying? Send your resume and a letter of interest to Jennifer Leo at jleo@phone2action.com ... and see our jobs site for FT positions",
36,IBM,Multiple Countries,Present,,
37,Salesforce,10+ Locations Across the US,Present,,
38,Dropbox,"San Francisco, Seattle, New York",Present,,
39,Qualtrics,"Provo, Seattle",Present,,
40,Databricks,San Francisco,Present,"2020, 2021 graduate working on a BS/MS or PhD degree in Computer Science, Engineering, or a related subject",
41,Twitch,San Francisco,Present,BA/BS Graduation Year: 2021 (No Masters/PhD),
42,Amazon,"Austin, Bay Area, Bellevue, Boston, Denver, Detroit, Herndon, Irvine, New York, Madison, Minneapolis, Phoenix, Portland, San Diego, also Vancouver, Toronto and Winnipeg (Canada has seperate application)",Present,,
43,Two Sigma,New York,Present,,
44,Qualcomm,"San Diego, Boulder, Austin, San Jose, Santa Clara",Present,"In study towards Bachelors (3.0 GPA or above), or Masters (3.5 GPA or above), in Computer Science, Electrical Engineering, or Computer Engineering. Must be available for 3 months during Summer 2020 (May-September)",
45,Atlassian,"Mountain View, CA",Present,"Must be currently enrolled in a full-time degree program and returning to the program after the completion of the internship, graduating by June 2021",
46,Capital One,"McLean, Virginia; Boston, Massachusetts; New York, New York; San Francisco, California; Chicago, Illinois; Wilmington, Delaware; Richmond, Virginia; Plano, Texas",Present,Bachelor’s degree or higher obtained between December 2020 and August 2021,
47,Twitter,San Francisco,Present,,
48,Figma,San Francisco,Present,,
49,Cisco,"San Jose, Seattle, San Francisco, Richardson, Austin, Cambridge, Richfield, Knoxville, Lawrenceville, Alpharetta, Fulton",Present,,
50,Wish,San Francisco,Present,,
51,Samsara,"San Francisco, Atlanta",Present,San Francisco and Atlanta have seperate job applications to fill out,
52,Konami,Las Vegas,Present,"Must be local candidate, no relocation availible",
53,Splunk,"San Jose, San Francisco",Present,,
54,Stripe,San Francisco or Seattle,Present,Plan to graduate in 2021 or 2022,
55,Palantir,New York,Present,,
56,Five Rings Capital,"New York, NY",Present,"SWE, Quant",
57,Google,Various locations across the world,Present,"STEP, BOLD, Software Engineering, IT",
58,AllianceBernstein,"Nashville, TN",Present,Juniors,
59,Jane Street,"New York, London, Hong Kong",Present,"Trading Interns, Business Development Interns, Engineering Interns, Research Interns",
60,Toast,"Dublin, Boston",Present,,
61,Thumbtack,San Francisco,Present,Graduating in 2021,
62,Gusto,"San Francisco, Denver",Present,Denver has a seperate application.,
63,Yelp,San Francisco,Present,,
64,Rockset,San Mateo,Present,,
65,Matician,Palo Alto,Present,,
66,Knowt,Remote,Present,Low compensation work at an early stage startup,
67,PayPal,"Austin, TX; Timonium, MD; San Francisco, CA; San Jose, CA; Scottsdale, AZ; Conshohocken, PA; New York, NY;",Present,,
68,Appian,"Tysons, Virginia",Present,"Undergraduate student pursuing B.S. in Computer Science, CoGrmputer Engineering or similar, with 3.7 GPA & above.",
69,Applied Intuition,"Sunnyvale, CA",Present,,
70,Wolverine Trading,"Chicago, IL",Present,"Juniors+, sponsorship is not available, multiple positions: SWE, Data, and Quant",
71,Quorum,"Washington, DC",Present,,
72,The Home Depot,"Atlanta, Austin, Dallas",Present,Must be legally permitted to work in the United States,
73,Sony Interactive Entertainment PlayStation,"San Francisco, CA",Present,"Seniors, must be proficiency with C#, JavaScript and experience with C++, Python",
74,Quantcast,"San Francisco, Seattle",Present,"Graduation date between Dec 2020 and June 2021, prefers experience with Java, C++, or Python",
75,OSIsoft,"Johnson City, Philadelphia, San Leandro, Scottsdale",Present,"Min. GPA 3.25, prefers experience with C, C++, C#, Java, JavaScript, or Python",
76,Cvent,"Atlanta, GA",Present,"Rising senior, Min. GPA 3.0,",
77,Postmates,San Francisco,Present,,
78,Nuro,Mountain View,Present,"You have experience in one or more of the following areas: backend API design, applications development, large-scale distributed systems; data storage and processing systems; advanced algorithms using C++ and Python; machine learning, multithreading; x86 architecture; and software performance tuning and optimization, robotics software frameworks, different compute modalities (CPU, GPU, FPGA) etc.",
79,Taboola,Los Angeles,Present,,
80,WeRide.ai,"San Jose, CA",Present,"BS/MS/PhD degree in Robotics, Computer Science or equivalent practical experience. Experience in data structures and advanced algorithms. Experience programming in C++. Graduating in Dec 2019 or May 2020",
81,Jump Trading,Chicago,Present,,
82,Platform9,"Sunnyvale, CA",Present,"Coursework in one or more areas: operating systems, distributed systems, networks, security or user interface design, Knowledge of Linux/Unix Systems, Programming proficiency in any one language: python, javascript, C/C++, java, golang, GPA 3.5 and above",
83,SelfMade,New York,Present,,
84,NerdWallet,San Francisco,Present,,
85,Lyft,"San Francisco, Seattle, New York",Present,,
86,Valkyrie,"Chicago, IL",Present,Expected graduation prior to June 2021,
87,CBRE Build,"Dallas, TX; New York, NY; Boston, MA; Seattle, WA",Present,"Minimum 3.0 undergraduate GPA and knowledge of one or more general purpose programming languages: JavaScript, Python, Java, C, C# is required (Each city has a seperate application)",
88,Sumo Logic,"Redwood City, CA",Present,"Analytics, Frontend, Backend. Requirements: Entering junior year of B.S or graduating in fall 2020 or spring 2021 and previous internship or full-time experience as a Software Engineer",
89,MemSQL,"San Francisco, CA; Seattle, WA",Present,,
90,Bloomberg,"New York, NY",Present,"Have programming experience in C, C++, Java or Python, Have a minimum GPA of 3.0, Be working toward a BA, BS, MS or PhD in Computer Science",
91,Yext,"New York, NY",Present,,
92,Palo Alto Networks,"Santa Clara, CA",Present,"To apply, you must be pursuing a 4-year Undergraduate Degree with a GPA of 3.0 or above, a 2-year Master’s Degree or a Doctorate degree and returning to school in the fall. You must have the authorization to work within the United States.",
93,Lime,San Francisco,Present,,
94,Lucid Software,"Salt Lake City, UT",Present,Must be pursuing technical degree.,
95,Coursera,Mountain View,Present,"We are looking for rising juniors and seniors for our summer internship programs. The programs are highly competitive, so apply as soon as you know you are available.",
96,Asana,"San Francisco, New York",Present,,
97,Cadre,New York,Present,"Graduating in December 2020 or May 2021 with a Bachelor’s degree in Computer Science, Computer Engineering, or a related field",
98,Twilio,"San Francisco, Denver, Irvine, Redwood City",Present,,
99,Redfin,"San Francisco, Seattle",Present,,
100,Affirm,San Francisco,Present,,
101,Viasat,"Carlsbad, CA",Present,,
102,Quorum,"Washington, DC",Recruitment on a rolling basis until the position is filled,,
103,WillowTree,"Charlottesville, VA",Present,Graduating in 2021 or 2022,
104,Nvidia,"Various in US, Canada, China",Present,,
105,Confluent,"Palo Alto, CA",Present,Frontend and Backend have seperate applications,
106,Benchling,"San Francisco, CA",Present,,
107,Garmin,Various in US,Present,"Seperate application for each location, part-time internships availible",
108,CTRL-Lab,"New York, NY",Present,,
109,BookBub,"Cambridge, MA",Present,,
110,Stantec,"Burlington, MA",Present,,
111,Betterment,"New York, NY",Present,An undergraduate degree in Computer Science or a related field (graduating Spring/Summer 2020),
112,Tableau,"Seattle, WA; Cambridge, MA; Palo Alto, CA; Austin, TX",Present,,
113,Plaid,"San Francisco, CA; Salt Lake City, UT",Present,,
114,Lyft Level 5,"Palo Alto, CA",Present,,
115,Riot Games,SF Bay Area,Present,"Familiarity with an object-oriented programming (OOP) language i.e. Java, C++",
116,Pinterest,"San Francisco, Seattle",Present,"Pinterest Labs Intern, Data Science and SWE availible",
117,Blackrock,"Asia, Americas, EMEA",Present,"Summer Analyst and Placement, Juniors Only",
118,Mastercard,"Arlington, VA; Singapore",Present,,
119,Crowdstrike,"El Segundo, California; Irvine, California",Present,,
120,Aurora,"Pittsburgh, PA",Present,"MS or PhD in Robotics, Computer Science, EE, MechE, or related field highly preferred",
121,Hudson River Trading,"New York, Chicago",Present,,
122,Airbnb,"San Francisco, CA and Seattle, WA",Present,"Prefers experience with Java, Scala, Ruby and/or Ruby on Rails, C++, SQL, or HTML/CSS and Javascript",
123,Flatiron,"New York City, NY",Present,Juniors+,
124,Kiva,"San Francisco, CA and Portland, OR",Present,Freshmen and Sophomores ONLY,
125,SigOpt,"San Francisco, CA",Present,Prefers engineering internship or professional experience and strong programming ability it at least one language,
126,datto,"Boston, Norwalk, Rochester",Present,Prefers PHP experience with object-oriented programming skills and MySQL,
127,Karat,"Seattle, WA",Present,Prefers dynamic programming language in web development and web apps,
128,Stevens Capital Management,"Radnor, PA",Present,,
129,Petal,"New York, NY",Present,,
130,InterSystems,"Cambridge, Boston",Present,,
131,Okta,"San Francisco, CA Bellevue, WA San Jose, CA, Toronto, CA",Present,"Ability to program in at least one OO programming language (e.g. Java, JavaScript C#, C++)",
132,Blackstone,"New York, NY",Present,Anticipated graduation date: Fall 2020 – Spring 2021,
133,TripAdvisor,"El Segundo, CA; Needham, MA; Ottawa, ON",Present,"Graduating in 2020, 2021",
134,Etsy,"New York, NY",Present,,
135,Enfusion,"Chicago, IL",Present,Minimum 6 months experience in JAVA is required,
136,C3.ai,"Redwood, CA",Present,"Prefers experience with JavaScript, Java, or other object-oriented programming language.",
137,Pocket Gems,"San Francisco, CA",Present,"Looking for students going to U.S. universities, graduating in Winter 2020 or Spring 2021",
138,CME Group,"Chicago, IL",Present,"Prefers experience with Java, Python, or C++",
139,Hyland,"Westlake, OH",Present,Prefers experience with object oriented programming languages and Microsoft Office software products,
140,ServiceNow,"Santa Clara, CA; San Diego, CA; Kirkland, WA; Chicago, IL; San Francisco, CA",Present,"Prefers experience with C++, Java, Perl, PHP, or Python; Ability to obtain and maintain work authorization in the country of employment in 2018",
141,New Relic,"Phoenix, AZ; San Francisco, CA; Portland, OR",Present,"Visa sponsorship is not available; Prefers experience with Java, C#, Ruby, Python, or Go as well as Javascript and frameworks",
142,TripAdvisor,"El Segundo, CA; Needham, MA; Ottawa, ON",Present,"Graduating in 2020, 2021",
143,MongoDB,"New York, NY",Present,,
144,KeepTruckin,"San Francisco, CA",Present,,
145,Rubrik,"Palo Alto, CA",Present,,
146,Pure Storage,"Mountain View, CA",Present,,
147,GrammaTech,"Ithaca, NY",Present,"Currently enrolled in a BS< MS, or PhD in Computer Science, Excellent programming skills (C++, C, Python) in Linux or Windows environments. Visa sponsorship not available.",
148,Huobi,"Sunnyvale, CA",Present,,
149,Honey,"Los Angeles, CA",Present,,
150,LinkedIn,"San Francisco, CA",Present,,
151,Oscar,"New York, NY",Present,,
152,Uber,"Seattle, Washington; Boulder, Colorado; Palo Alto, California; San Francisco, California",Present,,
153,Cambly,"San Francisco, CA",Present,Currently enrolled in a Computer Science degree program with at least 3 years of study completed.,
154,Cogo Labs,"Cambridge, MA",Present,"You are a smart, collaborative Junior (2021 grad).",
155,Expedia,"Seattle, Quebec, Chicago, Austin, Denver, San Francisco",Present,Currently enrolled in a 4-year university graduating December 2020 or Spring 2021,
156,Cruise,"San Francisco, CA",Present,,
157,GitHub,"San Francisco, CA",Present,"You must be returning to school the Fall after your internship (Fall 2020). Your internship will be 10 weeks from June 8th, 2020 to August 14th, 2020. We will accommodate quarter system intern starts.",
158,Roblox,"San Mateo, CA",Present,,
159,Mozilla,"Berlin, Mountain View, San Francisco, Toronto",Present,Must be graduating December 2020 and onward,
160,Tesla,Multiple Cities,Present,,
161,Kleiner Perkins Fellows Program,"Bay Area, CA",Present,Product: Graduating in Fall 2019 or Spring 2020 / Engineering: Graduating after Spring 2020 / Design: Graduating by Spring 2020,
162,Vimeo,"New York, NY",Present,"You are currently pursuing a BS or MS in Computer Science, Engineering, or a related technical discipline, with an expected graduation date of 2020 or 2021.",
163,Slack,"San Francisco, CA",Present,,
164,Zillow,"Seattle, San Francisco",Present,,
165,Lob,"San Francisco, CA",Present,Completion of your junior year of BS/BA (or first year of MS) in Computer Science or a related field by the start of Summer 2020 OR the completion of a coding bootcamp.,
166,TripActions,"Palo Alto, CA; San Francisco, CA",Present,BS or MS in Computer Science or Computer Engineering Graduation Year: 2021,
167,Box,"Redwood City, CA",Present,"Graduating between December 2020-June 2021 with a BA/BS, majoring in Computer Science or a related field.",
168,Kensho,"Cambridge, MA",Present,,
169,Ironclad,"San Francisco, CA",Present,,
170,Convoy,"Seattle, WA",Present,"Currently working toward a degree in Computer Science, with a graduation date in 2021.",
171,Fivestars,"San Francisco, CA",Present,,
172,Transfix,"New York, NY",Present,Must be a Sophomore or a Junior Competency in algorithms,
173,Checkr,"San Francisco, CA",Present,,
174,WPEngine,"Austin, TX",Present (Fall and Spring period),,
175,SugarCRM,"San Francisco, CA",Present,,
176,Checkr,"San Francisco, CA",Present,,
177,Mark43,"New York, NY",Present,,
178,Hulu,"Santa Monica, CA, Seattle, WA",Present,,
179,Datadog,"Boston, MA, New York, NY",Present,,
180,Tinder,"Los Angeles, San Francisco, Palo Alto, CA",Present,,
181,Braze,"New York, NY",Present,,
182,Blackboard,"Indianapolis, IN",Present,,
183,Checkr,"San Francisco, CA",Present,,
184,Tech.LA Fellowship,"San Francisco, CA",Rolling applications,8VC Fellowship,
185,Bessemer Fellowship,"San Francisco, CA",Due January 31,Applications are accepted for third year undergraduate students.,
186,The Teamworthy Fellowship,"New York, Austin, Boston, Chicago, DC, Denver, Los Angeles, New York City, Salt Lake City, San Francisco, and Saskatoon (Canada)","We accept applications on a rolling basis until May 1, 2020.",,
187,Hacker Fellows,"Ann Arbor, Michigan",Present,,
188,Handshake,"Denver, CO; San Francisco, CA",Present,,
189,Poshmark,"Redwood City, CA",Present,,
190,D.E. Shaw,"New York, NY",Present,,
191,Chan Zuckerberg Initiative,"Redwood City, CA",Present,,
192,Strava,"San Francisco, CA",Present,"Rising Senior (2021 grad) or new grad (2020), requires cover letter",
193,Reddit,"San Francisco, CA",Present,A rising senior actively working towards a Bachelor’s degree in CS or a related field; Graduating between December 2020 and Summer 2021; Able to program your way out of a paper bag; Requires Cover Letter,
194,Cora,"Mountain View, CA",Present,,
195,The Washington Post,Washington D.C.,Present,,
196,Neeva,"Mountain View, CA",Present,,
197,Spotify,Boston and New York,Present,,
198,TuSimple,"San Diego, CA",Present,,
199,HP Enterprise,Multiple Locations,Present,,
200,Oath,Multiple Locations,Present,,
201,New York Times,New York,Present,,
202,axs,"San Francisco, CA",Present,,
203,esri,,Due Time: Dec 31,,
204,Red Hat,"Various, remote available",Present,"Various positions from DevOps to SWE to UX, does not provide housing stipend",
205,Adobe,"San Franciso, CA",Present,,
206,Relativity,"Chicago, IL",Present,,
207,Braintree,"Chicago, San Francisco",Present,,
208,ByteDance,Various across the world,Present,,
209,Intuit,"Mountain View, San Diego",Present,,
210,Lytx,San Diego,Present,,
211,Podium,"Lehi, UT",Present,,
212,Propeller,"Madison, San Francisco",Present,,
213,Pendo,"Raleigh, NC",Present,,
214,Snowflake,"San Mateo, Seattle",Present,,
215,MailChimp,Atlanta,Present,,
216,Tapad,"New York, NY",Present,,
217,ServiceNow,"Santa Clara, California; San Diego, Californial; Kirkland, Washington; Chicago, Illinois; San Francisco, California",Present,,
218,Latch,New York,Present,,
219,RBC,"Toronto, ON",Present,"Graduating in 2020, 2021",
220,Lockheed Martin,"Owego, NY",Present,"Must have at least a 3.0 GPA, Must be able to obtain an interim secret clearance prior to start, and must be able to obtain and maintain a security clearance",
221,Twine Labs,"New York, NY",Present,,
222,Pandora,"Peachtree, GA; Oakland, CA",Present,,
223,Audible,"New York, NY; Newark, NJ; New Jersey, US",Present,Anticipated graduation date between December 2020 and May/June 2021,
224,Lockheed Martin,"Owego, NY",Present,"Must have at least a 3.0 GPA, Must be able to obtain an interim secret clearance prior to start, and must be able to obtain and maintain a security clearance",
225,ETH Zuerich,"Zuerich, CH",Present,CS Research,
226,LiveRamp,San Francisco,Present,"Note: At this time, we are only considering those that will be one year from graduation at the start of their internship.",
227,"Williams-Sonoma, Inc","San Francisco, CA",Present,"Rising Seniors/Third Years Only. IT, Email Marketing, and ECommerse SWE positions available.",
228,Fanatics Inc.,"San Mateo, CA",Present,,
229,Quizlet,"Denver, CO",Present,,
230,Ancestry,"Lehi, UT; San Francisco, CA",Present,,
231,Linode,"Philadelphia, PA",Present,,
232,Grand Rounds,"San Francisco, CA",Present,,
233,Improbable,"London, GB",Present,,
234,Coinbase,"San Francisco, CA",Present,,
235,SmartSheet,"Boston, MA; Bellevue, WA",Present,,
236,Wealthfront,"Palo Alto, CA",Present,,
237,Lumentum,"San Jose, CA",Present,,
238,Mcafee,"Santa Clara, CA",Present,,
239,Shopify,"Ottawa, Montreal, Toronto, Waterloo",Present,,
240,Stateless,"Boulder, CO",Present,Applications will be accepted until February 10th. You will be contacted no later than February 21st regarding the next phase. Hiring decisions will be made based on your code challenge and possible interview by March 20th.,
241,Zoom,"San Jose, CA",Present,,
242,Marvell,"Santa Clara, CA",Present,,
243,Shutterfly,"Redwood City, CA",Present,,
244,Electronic Arts,Various,Present,,
